RetailerID,DaysSinceLastOrder,AvgOrderValue,TotalOrders,Churned_YesNo
RET_0001,102,789.5,156,1
RET_0002,179,1856.58,190,1
RET_0003,92,1457.11,494,1
RET_0004,14,143.78,371,0
RET_0005,106,1573.95,263,1
RET_0006,71,1664.48,80,0
RET_0007,20,1513.48,400,0
RET_0008,102,1609.1,252,1
RET_0009,121,1659.01,97,1
RET_0010,74,413.49,260,0
RET_0011,87,509.6,260,0
RET_0012,116,1285.83,103,1
RET_0013,99,1820.34,40,1
RET_0014,103,666.58,273,1
RET_0015,151,1197.2,101,1
RET_0016,130,1381.82,359,1
RET_0017,149,931.3,380,1
RET_0018,52,1441.88,308,0
RET_0019,1,1804.35,221,0
RET_0020,87,1267.0,308,0
RET_0021,157,1102.57,420,1
RET_0022,37,905.55,124,0
RET_0023,129,1176.1,422,1
RET_0024,20,742.96,231,0
RET_0025,160,813.39,178,1
RET_0026,57,1087.12,63,0
RET_0027,21,179.91,485,0
RET_0028,88,496.6,116,0
RET_0029,48,1108.56,191,0
RET_0030,58,891.48,62,0
RET_0031,169,698.99,256,1
RET_0032,14,1474.57,483,0
RET_0033,174,1402.75,7,1
RET_0034,50,375.12,155,0
RET_0035,107,1763.33,92,1
RET_0036,54,1016.08,470,0
RET_0037,63,1495.85,14,0
RET_0038,130,1167.64,455,1
RET_0039,50,1995.5,229,0
RET_0040,134,1517.19,86,1
RET_0041,20,1428.61,133,0
RET_0042,72,1568.22,183,0
RET_0043,166,329.1,386,1
RET_0044,17,448.86,62,0
RET_0045,131,1442.42,219,1
RET_0046,88,1013.26,405,0
RET_0047,59,1521.54,246,0
RET_0048,13,250.69,230,0
RET_0049,8,1096.14,79,0
RET_0050,89,788.7,149,0
RET_0051,52,941.15,138,0
RET_0052,129,1227.72,471,1
RET_0053,83,1029.46,314,0
RET_0054,91,1102.73,376,1
RET_0055,110,998.4,423,1
RET_0056,171,847.46,389,1
RET_0057,7,1555.17,65,0
RET_0058,174,73.8,13,1
RET_0059,34,1216.96,213,0
RET_0060,80,1152.74,474,0
RET_0061,163,1446.55,242,1
RET_0062,49,1218.11,493,0
RET_0063,103,1662.26,213,1
RET_0064,131,1920.2,181,1
RET_0065,1,717.92,338,0
RET_0066,133,493.33,485,1
RET_0067,53,876.01,173,0
RET_0068,105,611.46,160,1
RET_0069,3,1249.15,164,0
RET_0070,53,1828.11,465,0
RET_0071,145,321.28,483,1
RET_0072,43,246.55,497,0
RET_0073,161,549.23,188,1
RET_0074,13,1465.89,395,0
RET_0075,94,1206.28,191,1
RET_0076,47,249.31,405,0
RET_0077,14,1841.56,308,0
RET_0078,39,1590.67,256,0
RET_0079,81,94.89,183,0
RET_0080,110,1320.17,117,1
RET_0081,52,1553.93,282,0
RET_0082,23,780.15,196,0
RET_0083,153,184.4,34,1
RET_0084,123,200.78,52,1
RET_0085,40,253.28,112,0
RET_0086,156,1688.86,252,1
RET_0087,14,1825.84,82,0
RET_0088,44,289.48,232,0
RET_0089,64,510.02,227,0
RET_0090,88,372.76,233,0
RET_0091,70,413.33,221,0
RET_0092,8,1683.11,436,0
RET_0093,87,697.69,413,0
RET_0094,128,657.32,422,1
RET_0095,135,493.42,42,1
RET_0096,62,1235.39,21,0
RET_0097,138,789.65,42,1
RET_0098,80,1501.29,397,0
RET_0099,135,450.88,113,1
RET_0100,162,1586.19,105,1
RET_0101,162,1227.26,192,1
RET_0102,32,272.82,17,0
RET_0103,122,858.28,120,1
RET_0104,4,1733.86,393,0
RET_0105,40,1849.77,425,0
RET_0106,27,958.12,129,0
RET_0107,134,987.63,130,1
RET_0108,71,1840.99,60,0
RET_0109,11,1194.78,48,0
RET_0110,161,114.05,29,1
RET_0111,32,1829.86,97,0
RET_0112,47,534.04,10,0
RET_0113,150,1176.38,242,1
RET_0114,61,372.75,314,0
RET_0115,36,116.06,444,0
RET_0116,98,657.37,232,1
RET_0117,171,1571.97,277,1
RET_0118,103,591.29,284,1
RET_0119,34,479.19,203,0
RET_0120,100,464.73,247,1
RET_0121,174,1054.59,290,1
RET_0122,130,1952.31,264,1
RET_0123,0,945.03,443,0
RET_0124,4,1136.75,214,0
RET_0125,141,1728.23,200,1
RET_0126,102,1093.39,433,1
RET_0127,26,409.7,79,0
RET_0128,136,634.21,401,1
RET_0129,14,654.38,444,0
RET_0130,89,824.77,343,0
RET_0131,41,882.24,344,0
RET_0132,123,1609.57,173,1
RET_0133,178,731.3,467,1
RET_0134,62,963.05,69,0
RET_0135,95,1268.7,416,1
RET_0136,51,786.57,428,0
RET_0137,95,1681.3,449,1
RET_0138,131,1195.53,87,1
RET_0139,150,623.39,101,1
RET_0140,142,1442.42,8,1
RET_0141,170,1078.91,333,1
RET_0142,28,1092.19,200,0
RET_0143,35,988.12,87,0
RET_0144,12,1019.17,43,0
RET_0145,159,1542.44,385,1
RET_0146,70,250.81,109,0
RET_0147,85,702.01,435,0
RET_0148,27,197.23,408,0
RET_0149,65,1518.83,483,0
RET_0150,169,580.99,152,1
RET_0151,44,1799.99,17,0
RET_0152,61,1076.83,133,0
RET_0153,133,1611.46,148,1
RET_0154,27,1958.92,277,0
RET_0155,27,1687.59,232,0
RET_0156,107,1740.64,314,1
RET_0157,43,845.57,415,0
RET_0158,83,1125.86,366,0
RET_0159,29,545.08,228,0
RET_0160,74,432.42,139,0
RET_0161,127,1035.74,436,1
RET_0162,91,1210.35,399,1
RET_0163,128,711.58,211,1
RET_0164,120,1160.41,391,1
RET_0165,26,1780.55,499,0
RET_0166,120,1135.61,28,1
RET_0167,115,1455.59,51,1
RET_0168,2,1620.36,491,0
RET_0169,102,1978.02,442,1
RET_0170,154,1226.23,261,1
RET_0171,136,1623.36,261,1
RET_0172,61,1927.17,350,0
RET_0173,164,1891.6,352,1
RET_0174,50,325.11,8,0
RET_0175,171,842.47,320,1
RET_0176,151,681.78,138,1
RET_0177,58,219.5,38,0
RET_0178,117,1284.82,111,1
RET_0179,159,1485.01,480,1
RET_0180,95,1703.85,368,1
RET_0181,179,289.41,220,1
RET_0182,112,1759.07,337,1
RET_0183,61,1303.7,223,0
RET_0184,51,1422.69,136,0
RET_0185,11,1825.72,256,0
RET_0186,38,1268.28,360,0
RET_0187,129,704.94,409,1
RET_0188,130,1658.96,329,1
RET_0189,112,757.97,450,1
RET_0190,100,116.74,463,1
RET_0191,112,1669.78,434,1
RET_0192,80,723.12,451,0
RET_0193,112,1558.98,49,1
RET_0194,1,757.38,292,0
RET_0195,129,1729.08,382,1
RET_0196,53,478.05,324,0
RET_0197,86,1950.37,78,0
RET_0198,128,1570.53,105,1
RET_0199,146,272.76,169,1
RET_0200,125,1153.26,217,1
RET_0201,129,1971.47,378,1
RET_0202,52,968.58,119,0
RET_0203,171,405.11,190,1
RET_0204,159,995.32,255,1
RET_0205,159,1049.29,370,1
RET_0206,67,1496.29,266,0
RET_0207,122,1412.75,149,1
RET_0208,144,834.97,164,1
RET_0209,37,475.15,140,0
RET_0210,23,1307.86,347,0
RET_0211,68,872.32,488,0
RET_0212,115,307.94,258,1
RET_0213,97,1806.12,374,1
RET_0214,138,1397.88,269,1
RET_0215,143,1382.21,181,1
RET_0216,96,1654.04,160,1
RET_0217,123,1082.84,351,1
RET_0218,69,1639.36,400,0
RET_0219,92,1021.28,288,1
RET_0220,2,180.99,288,0
RET_0221,147,840.23,380,1
RET_0222,163,1020.06,226,1
RET_0223,146,1454.4,11,1
RET_0224,89,257.83,10,0
RET_0225,146,323.04,271,1
RET_0226,147,564.18,273,1
RET_0227,95,569.67,424,1
RET_0228,51,1477.76,402,0
RET_0229,160,538.92,183,1
RET_0230,167,1284.54,457,1
RET_0231,127,1013.83,153,1
RET_0232,38,1167.92,488,0
RET_0233,81,1684.31,315,0
RET_0234,103,838.54,334,1
RET_0235,128,1553.28,124,1
RET_0236,10,872.97,473,0
RET_0237,177,740.05,114,1
RET_0238,150,1919.32,278,1
RET_0239,158,409.52,414,1
RET_0240,41,226.16,468,0
RET_0241,98,1553.42,213,1
RET_0242,6,183.09,172,0
RET_0243,143,1682.3,288,1
RET_0244,89,902.53,435,0
RET_0245,111,1835.25,174,1
RET_0246,59,1456.99,113,0
RET_0247,112,1240.29,376,1
RET_0248,1,1901.15,405,0
RET_0249,128,823.47,483,1
RET_0250,47,1910.47,122,0
RET_0251,139,313.25,32,1
RET_0252,36,993.32,222,0
RET_0253,159,576.33,119,1
RET_0254,8,1102.69,39,0
RET_0255,98,365.93,497,1
RET_0256,146,1690.98,268,1
RET_0257,47,1700.5,233,0
RET_0258,130,1912.71,431,1
RET_0259,147,351.61,18,1
RET_0260,151,1265.5,149,1
RET_0261,53,974.76,397,0
RET_0262,119,721.55,149,1
RET_0263,160,735.5,126,1
RET_0264,151,854.95,392,1
RET_0265,115,1424.6,302,1
RET_0266,74,1216.66,360,0
RET_0267,112,946.38,238,1
RET_0268,163,198.07,135,1
RET_0269,165,201.64,151,1
RET_0270,103,54.56,236,1
RET_0271,83,1937.01,224,0
RET_0272,111,60.24,203,1
RET_0273,98,251.03,256,1
RET_0274,152,663.46,86,1
RET_0275,92,1624.49,150,1
RET_0276,145,1926.09,235,1
RET_0277,127,1590.53,345,1
RET_0278,109,1396.59,22,1
RET_0279,81,1066.54,348,0
RET_0280,53,219.08,285,0
RET_0281,162,1918.43,269,1
RET_0282,168,1528.87,466,1
RET_0283,160,1295.95,258,1
RET_0284,67,1530.12,29,0
RET_0285,32,1462.0,213,0
RET_0286,141,1292.6,463,1
RET_0287,20,1962.12,436,0
RET_0288,47,1811.56,283,0
RET_0289,147,1311.0,50,1
RET_0290,127,1401.69,95,1
RET_0291,135,150.61,463,1
RET_0292,134,1356.34,499,1
RET_0293,144,136.12,407,1
RET_0294,127,1197.11,88,1
RET_0295,32,1998.74,44,0
RET_0296,175,1133.82,461,1
RET_0297,114,972.76,278,1
RET_0298,118,660.07,171,1
RET_0299,21,285.02,421,0
RET_0300,157,1475.5,189,1
RET_0301,37,425.57,353,0
RET_0302,108,274.8,184,1
RET_0303,50,872.44,3,0
RET_0304,7,1600.92,191,0
RET_0305,26,1502.88,118,0
RET_0306,26,157.02,19,0
RET_0307,20,937.53,23,0
RET_0308,29,1068.75,413,0
RET_0309,96,1306.87,30,1
RET_0310,27,1317.83,295,0
RET_0311,110,761.16,108,1
RET_0312,60,1143.32,367,0
RET_0313,47,988.07,281,0
RET_0314,146,1775.75,128,1
RET_0315,3,1084.02,229,0
RET_0316,34,910.01,111,0
RET_0317,48,838.75,136,0
RET_0318,16,1166.23,362,0
RET_0319,171,1617.76,186,1
RET_0320,157,1099.88,144,1
RET_0321,45,1340.23,72,0
RET_0322,116,1488.82,129,1
RET_0323,5,1064.33,364,0
RET_0324,98,882.29,261,1
RET_0325,123,1759.5,3,1
RET_0326,36,864.14,449,0
RET_0327,23,950.79,388,0
RET_0328,92,1981.17,104,1
RET_0329,45,50.46,483,0
RET_0330,94,411.67,224,1
RET_0331,98,798.73,320,1
RET_0332,115,1868.55,362,1
RET_0333,159,186.56,354,1
RET_0334,160,68.5,491,1
RET_0335,66,152.73,473,0
RET_0336,127,222.66,10,1
RET_0337,17,123.31,405,0
RET_0338,24,985.57,384,0
RET_0339,53,1182.48,302,0
RET_0340,57,579.79,231,0
RET_0341,66,826.66,219,0
RET_0342,103,228.81,411,1
RET_0343,173,705.92,66,1
RET_0344,23,1068.91,425,0
RET_0345,113,1477.93,112,1
RET_0346,31,56.53,13,0
RET_0347,174,961.26,393,1
RET_0348,85,629.16,420,0
RET_0349,150,1713.0,86,1
RET_0350,126,1445.33,234,1
RET_0351,154,1198.76,90,1
RET_0352,129,590.67,314,1
RET_0353,16,1825.16,54,0
RET_0354,103,137.95,12,1
RET_0355,160,263.46,209,1
RET_0356,136,813.68,462,1
RET_0357,42,292.65,14,0
RET_0358,175,1915.01,121,1
RET_0359,38,1606.08,418,0
RET_0360,169,555.02,437,1
RET_0361,25,1197.68,377,0
RET_0362,98,1965.54,20,1
RET_0363,49,1774.19,75,0
RET_0364,152,1221.56,400,1
RET_0365,151,1812.26,243,1
RET_0366,12,1978.91,223,0
RET_0367,59,1499.54,70,0
RET_0368,134,176.72,312,1
RET_0369,56,833.08,211,0
RET_0370,35,1683.76,101,0
RET_0371,172,499.61,186,1
RET_0372,19,1669.75,132,0
RET_0373,64,284.66,111,0
RET_0374,7,141.54,381,0
RET_0375,143,798.98,132,1
RET_0376,141,121.63,20,1
RET_0377,114,1916.68,394,1
RET_0378,142,1661.1,24,1
RET_0379,91,1611.5,227,1
RET_0380,97,1278.07,154,1
RET_0381,65,471.83,293,0
RET_0382,31,1060.61,230,0
RET_0383,85,1214.68,469,0
RET_0384,50,1073.81,310,0
RET_0385,152,557.46,488,1
RET_0386,62,1054.73,359,0
RET_0387,124,1007.81,405,1
RET_0388,149,1992.85,202,1
RET_0389,57,1800.0,38,0
RET_0390,57,953.59,430,0
RET_0391,85,1264.73,260,0
RET_0392,48,1508.35,188,0
RET_0393,179,117.99,57,1
RET_0394,169,1795.1,429,1
RET_0395,69,1727.25,20,0
RET_0396,14,941.99,273,0
RET_0397,53,812.78,119,0
RET_0398,100,582.27,71,1
RET_0399,7,979.52,4,0
RET_0400,52,136.53,221,0
RET_0401,59,1711.78,14,0
RET_0402,107,119.07,3,1
RET_0403,4,691.65,216,0
RET_0404,102,1866.6,229,1
RET_0405,5,1483.66,336,0
RET_0406,108,598.71,186,1
RET_0407,115,542.67,55,1
RET_0408,93,59.91,388,1
RET_0409,46,1406.64,376,0
RET_0410,98,145.13,254,1
RET_0411,54,1088.57,24,0
RET_0412,167,1926.14,162,1
RET_0413,51,263.46,158,0
RET_0414,143,1794.24,82,1
RET_0415,12,1983.38,403,0
RET_0416,113,169.96,159,1
RET_0417,123,1771.67,188,1
RET_0418,105,1056.35,60,1
RET_0419,157,1817.7,403,1
RET_0420,146,1164.07,305,1
RET_0421,144,1341.12,319,1
RET_0422,119,1110.37,366,1
RET_0423,62,1735.76,211,0
RET_0424,18,1481.12,406,0
RET_0425,91,1066.46,152,1
RET_0426,57,1742.91,109,0
RET_0427,89,528.31,76,0
RET_0428,116,356.81,30,1
RET_0429,61,362.78,314,0
RET_0430,22,701.32,486,0
RET_0431,126,515.45,117,1
RET_0432,136,1863.68,415,1
RET_0433,139,256.38,356,1
RET_0434,128,1413.03,192,1
RET_0435,57,418.98,19,0
RET_0436,121,1769.19,432,1
RET_0437,0,1924.56,173,0
RET_0438,33,957.67,228,0
RET_0439,95,1764.19,350,1
RET_0440,125,60.03,183,1
RET_0441,117,1648.9,113,1
RET_0442,47,495.82,183,0
RET_0443,88,1821.97,481,0
RET_0444,116,52.18,146,1
RET_0445,128,1134.55,319,1
RET_0446,15,1525.44,116,0
RET_0447,68,554.44,113,0
RET_0448,21,426.61,251,0
RET_0449,92,213.99,476,1
RET_0450,75,686.55,251,0
RET_0451,153,1141.7,303,1
RET_0452,143,275.9,459,1
RET_0453,178,784.56,313,1
RET_0454,85,67.69,118,0
RET_0455,28,1646.42,301,0
RET_0456,68,300.48,161,0
RET_0457,46,602.52,401,0
RET_0458,93,85.93,198,1
RET_0459,143,892.87,260,1
RET_0460,175,1688.24,148,1
RET_0461,84,814.69,240,0
RET_0462,38,400.02,47,0
RET_0463,99,1519.71,475,1
RET_0464,32,1588.17,399,0
RET_0465,100,388.82,198,1
RET_0466,22,1553.17,47,0
RET_0467,9,1897.23,78,0
RET_0468,68,374.44,124,0
RET_0469,99,1553.42,75,1
RET_0470,33,1431.72,359,0
RET_0471,179,973.47,137,1
RET_0472,137,162.94,90,1
RET_0473,146,195.65,400,1
RET_0474,95,1712.21,325,1
RET_0475,0,1980.79,61,0
RET_0476,68,1368.3,138,0
RET_0477,3,919.62,50,0
RET_0478,15,1312.77,259,0
RET_0479,23,1209.07,461,0
RET_0480,79,798.04,107,0
RET_0481,1,177.97,113,0
RET_0482,127,1651.95,350,1
RET_0483,159,775.08,254,1
RET_0484,83,1646.63,118,0
RET_0485,151,542.39,493,1
RET_0486,139,52.01,198,1
RET_0487,177,359.93,337,1
RET_0488,162,963.65,365,1
RET_0489,123,1891.39,51,1
RET_0490,32,249.28,245,0
RET_0491,160,1715.71,403,1
RET_0492,178,1077.7,426,1
RET_0493,170,1660.55,35,1
RET_0494,100,631.83,302,1
RET_0495,11,1687.9,410,0
RET_0496,66,1557.0,499,0
RET_0497,64,498.6,69,0
RET_0498,160,306.1,349,1
RET_0499,167,1742.71,320,1
RET_0500,73,1928.31,421,0
RET_0501,42,111.04,468,0
RET_0502,43,1475.98,49,0
RET_0503,28,1823.57,405,0
RET_0504,140,1721.85,74,1
RET_0505,11,1930.81,192,0
RET_0506,94,1532.18,261,1
RET_0507,45,912.48,356,0
RET_0508,129,658.31,70,1
RET_0509,34,675.45,90,0
RET_0510,80,1462.62,260,0
RET_0511,89,1504.38,126,0
RET_0512,7,440.7,231,0
RET_0513,92,1742.84,295,1
RET_0514,153,1444.1,498,1
RET_0515,89,1147.36,419,0
RET_0516,161,969.49,129,1
RET_0517,114,1109.3,280,1
RET_0518,104,360.53,313,1
RET_0519,134,447.22,100,1
RET_0520,57,227.77,326,0
RET_0521,113,349.63,297,1
RET_0522,74,934.7,182,0
RET_0523,156,1084.19,174,1
RET_0524,119,84.83,316,1
RET_0525,163,1603.76,364,1
RET_0526,20,623.63,188,0
RET_0527,163,1828.08,57,1
RET_0528,137,1936.65,31,1
RET_0529,100,411.64,84,1
RET_0530,151,951.09,152,1
RET_0531,176,52.4,473,1
RET_0532,98,1216.74,36,1
RET_0533,35,1234.25,213,0
RET_0534,95,532.7,414,1
RET_0535,151,1138.9,408,1
RET_0536,150,489.8,364,1
RET_0537,36,363.61,106,0
RET_0538,11,1320.46,414,0
RET_0539,112,685.55,342,1
RET_0540,12,1201.01,220,0
RET_0541,22,894.83,391,0
RET_0542,98,1969.49,163,1
RET_0543,104,341.68,439,1
RET_0544,29,955.97,220,0
RET_0545,16,1376.89,270,0
RET_0546,112,821.31,120,1
RET_0547,61,1950.66,394,0
RET_0548,83,1457.68,336,0
RET_0549,111,1331.12,400,1
RET_0550,85,1526.27,182,0
RET_0551,140,1907.66,479,1
RET_0552,18,1820.25,106,0
RET_0553,176,1462.36,217,1
RET_0554,99,1510.87,205,1
RET_0555,139,334.55,70,1
RET_0556,146,250.45,44,1
RET_0557,75,1163.26,329,0
RET_0558,8,85.82,301,0
RET_0559,27,990.59,228,0
RET_0560,127,460.18,184,1
RET_0561,51,724.73,107,0
RET_0562,82,1562.82,84,0
RET_0563,110,1885.41,338,1
RET_0564,143,191.21,250,1
RET_0565,116,1091.77,363,1
RET_0566,68,1770.94,441,0
RET_0567,98,210.89,21,1
RET_0568,139,1657.8,196,1
RET_0569,24,747.71,178,0
RET_0570,179,678.08,417,1
RET_0571,122,1956.06,475,1
RET_0572,52,441.68,7,0
RET_0573,150,1401.73,70,1
RET_0574,143,1651.81,127,1
RET_0575,56,130.31,399,0
RET_0576,38,1357.25,466,0
RET_0577,108,1905.52,160,1
RET_0578,41,292.23,248,0
RET_0579,166,1797.63,203,1
RET_0580,141,1209.81,148,1
RET_0581,121,1252.38,472,1
RET_0582,132,1245.24,143,1
RET_0583,162,632.73,432,1
RET_0584,74,1873.64,199,0
RET_0585,145,1897.33,405,1
RET_0586,75,1269.34,426,0
RET_0587,8,1577.67,154,0
RET_0588,73,1243.9,492,0
RET_0589,144,994.58,376,1
RET_0590,6,1338.6,384,0
RET_0591,173,1128.35,142,1
RET_0592,140,1215.08,313,1
RET_0593,167,1578.47,165,1
RET_0594,169,987.76,314,1
RET_0595,136,129.47,21,1
RET_0596,177,369.8,82,1
RET_0597,26,905.28,69,0
RET_0598,121,1463.41,131,1
RET_0599,4,1206.89,87,0
RET_0600,28,1318.07,218,0
RET_0601,164,984.59,421,1
RET_0602,165,1250.7,472,1
RET_0603,82,691.58,305,0
RET_0604,135,966.86,403,1
RET_0605,108,1501.34,371,1
RET_0606,64,1750.07,345,0
RET_0607,85,895.63,341,0
RET_0608,144,135.14,384,1
RET_0609,70,365.26,396,0
RET_0610,44,90.68,445,0
RET_0611,131,1323.86,425,1
RET_0612,35,698.01,161,0
RET_0613,69,1107.83,178,0
RET_0614,158,1011.89,117,1
RET_0615,18,208.98,196,0
RET_0616,107,836.36,383,1
RET_0617,166,480.09,490,1
RET_0618,90,865.88,327,0
RET_0619,89,446.98,86,0
RET_0620,18,1688.88,289,0
RET_0621,38,389.68,81,0
RET_0622,125,1923.52,152,1
RET_0623,172,861.02,61,1
RET_0624,140,1700.18,61,1
RET_0625,125,1276.09,354,1
RET_0626,57,1483.93,28,0
RET_0627,147,1547.06,442,1
RET_0628,60,1034.45,43,0
RET_0629,126,1109.44,169,1
RET_0630,104,1052.29,423,1
RET_0631,166,1196.71,86,1
RET_0632,0,107.32,177,0
RET_0633,130,821.25,17,1
RET_0634,91,1232.07,98,1
RET_0635,112,1215.56,454,1
RET_0636,152,1596.26,494,1
RET_0637,55,1327.27,198,0
RET_0638,160,1984.66,98,1
RET_0639,165,603.52,65,1
RET_0640,116,750.34,330,1
RET_0641,133,798.5,341,1
RET_0642,57,958.33,5,0
RET_0643,43,1680.2,2,0
RET_0644,172,509.79,22,1
RET_0645,159,1563.2,112,1
RET_0646,172,840.35,57,1
RET_0647,60,1223.62,66,0
RET_0648,46,1283.45,330,0
RET_0649,148,777.05,98,1
RET_0650,79,1049.6,144,0
RET_0651,117,855.41,368,1
RET_0652,163,184.81,435,1
RET_0653,146,902.47,125,1
RET_0654,19,239.92,167,0
RET_0655,145,839.79,86,1
RET_0656,46,1206.19,76,0
RET_0657,48,1179.86,344,0
RET_0658,13,1342.11,495,0
RET_0659,142,235.76,424,1
RET_0660,158,1321.64,294,1
RET_0661,0,658.69,444,0
RET_0662,116,828.14,59,1
RET_0663,53,1723.07,138,0
RET_0664,117,67.61,99,1
RET_0665,2,1197.4,192,0
RET_0666,143,1217.49,243,1
RET_0667,11,823.49,319,0
RET_0668,73,512.2,49,0
RET_0669,15,507.61,448,0
RET_0670,101,1773.23,32,1
RET_0671,151,911.95,391,1
RET_0672,155,695.23,277,1
RET_0673,116,925.12,20,1
RET_0674,7,1355.31,154,0
RET_0675,121,334.23,383,1
RET_0676,91,926.4,68,1
RET_0677,163,1196.37,366,1
RET_0678,89,1899.74,372,0
RET_0679,135,542.43,214,1
RET_0680,59,750.54,143,0
RET_0681,177,789.75,376,1
RET_0682,27,1230.8,232,0
RET_0683,100,745.63,213,1
RET_0684,40,1090.35,79,0
RET_0685,154,1574.49,214,1
RET_0686,144,1425.5,116,1
RET_0687,160,920.42,92,1
RET_0688,156,1735.22,270,1
RET_0689,140,1138.37,411,1
RET_0690,45,1102.82,381,0
RET_0691,34,116.67,489,0
RET_0692,133,1974.05,168,1
RET_0693,81,289.79,58,0
RET_0694,114,500.71,284,1
RET_0695,46,150.81,26,0
RET_0696,152,1298.01,369,1
RET_0697,9,488.17,447,0
RET_0698,55,401.02,66,0
RET_0699,29,222.68,409,0
RET_0700,108,251.45,248,1
RET_0701,4,1190.11,254,0
RET_0702,118,1392.01,387,1
RET_0703,32,824.89,456,0
RET_0704,117,985.8,44,1
RET_0705,64,1387.64,97,0
RET_0706,145,83.89,42,1
RET_0707,176,680.1,227,1
RET_0708,10,1947.54,262,0
RET_0709,84,1181.22,167,0
RET_0710,25,545.74,436,0
RET_0711,62,1067.37,279,0
RET_0712,85,718.17,89,0
RET_0713,58,1087.88,379,0
RET_0714,26,295.2,178,0
RET_0715,176,308.79,427,1
RET_0716,160,329.91,403,1
RET_0717,97,1882.65,197,1
RET_0718,104,1479.15,307,1
RET_0719,98,366.64,267,1
RET_0720,128,417.28,268,1
RET_0721,148,1475.12,74,1
RET_0722,54,354.52,8,0
RET_0723,5,507.39,408,0
RET_0724,94,1928.53,476,1
RET_0725,132,547.85,297,1
RET_0726,101,1340.18,164,1
RET_0727,2,1958.33,485,0
RET_0728,22,779.88,85,0
RET_0729,52,84.16,72,0
RET_0730,164,526.09,55,1
RET_0731,82,1670.21,393,0
RET_0732,144,1735.99,47,1
RET_0733,84,1548.61,399,0
RET_0734,77,270.56,432,0
RET_0735,109,1601.25,238,1
RET_0736,0,1841.42,104,0
RET_0737,50,1221.19,210,0
RET_0738,172,1884.71,42,1
RET_0739,3,1662.34,316,0
RET_0740,112,1350.59,468,1
RET_0741,31,1175.51,454,0
RET_0742,33,729.72,268,0
RET_0743,91,360.61,386,1
RET_0744,94,1229.66,263,1
RET_0745,71,670.32,336,0
RET_0746,38,1739.56,387,0
RET_0747,153,1987.01,365,1
RET_0748,161,1517.23,259,1
RET_0749,117,226.44,283,1
RET_0750,2,612.94,114,0
RET_0751,122,262.76,363,1
RET_0752,49,1318.5,40,0
RET_0753,11,1542.12,486,0
RET_0754,53,1855.07,417,0
RET_0755,132,904.44,220,1
RET_0756,56,1807.68,129,0
RET_0757,144,1761.89,8,1
RET_0758,111,668.53,101,1
RET_0759,46,1744.36,416,0
RET_0760,150,782.56,380,1
RET_0761,84,628.9,176,0
RET_0762,141,1315.7,107,1
RET_0763,65,690.34,101,0
RET_0764,74,1278.91,260,0
RET_0765,178,1239.17,478,1
RET_0766,102,1148.71,454,1
RET_0767,165,791.82,366,1
RET_0768,37,1119.57,246,0
RET_0769,49,1213.15,275,0
RET_0770,97,1114.09,32,1
RET_0771,81,916.62,137,0
RET_0772,29,78.6,12,0
RET_0773,78,1194.77,395,0
RET_0774,90,378.47,302,0
RET_0775,178,1303.02,375,1
RET_0776,51,1530.72,16,0
RET_0777,165,1025.87,129,1
RET_0778,78,1107.61,63,0
RET_0779,29,1905.38,109,0
RET_0780,105,1701.98,375,1
RET_0781,50,1832.76,21,0
RET_0782,80,1636.84,158,0
RET_0783,132,262.39,269,1
RET_0784,28,340.53,162,0
RET_0785,131,1076.92,260,1
RET_0786,137,529.84,412,1
RET_0787,144,979.56,102,1
RET_0788,73,819.01,223,0
RET_0789,16,1121.36,59,0
RET_0790,83,1506.41,247,0
RET_0791,68,1445.21,128,0
RET_0792,33,1066.41,283,0
RET_0793,5,1653.67,325,0
RET_0794,52,890.18,25,0
RET_0795,125,1798.59,131,1
RET_0796,42,189.0,353,0
RET_0797,114,1911.59,196,1
RET_0798,110,1326.65,281,1
RET_0799,150,791.15,404,1
RET_0800,79,434.45,418,0
RET_0801,94,984.41,154,1
RET_0802,117,429.39,382,1
RET_0803,143,374.35,133,1
RET_0804,7,1253.84,227,0
RET_0805,131,1070.02,189,1
RET_0806,103,1356.69,476,1
RET_0807,131,1862.73,477,1
RET_0808,24,1087.91,265,0
RET_0809,95,1182.82,372,1
RET_0810,154,224.77,486,1
RET_0811,92,1449.39,434,1
RET_0812,159,829.82,134,1
RET_0813,177,1954.61,211,1
RET_0814,60,1655.19,60,0
RET_0815,121,1068.84,428,1
RET_0816,50,290.28,377,0
RET_0817,146,1725.86,395,1
RET_0818,20,1609.57,450,0
RET_0819,4,409.94,431,0
RET_0820,91,625.79,364,1
RET_0821,169,1597.14,364,1
RET_0822,60,411.2,457,0
RET_0823,21,1839.62,213,0
RET_0824,148,877.83,216,1
RET_0825,69,219.73,226,0
RET_0826,0,1640.71,470,0
RET_0827,132,778.34,131,1
RET_0828,11,1076.67,76,0
RET_0829,89,268.99,476,0
RET_0830,45,55.04,286,0
RET_0831,33,1294.07,474,0
RET_0832,176,1054.59,496,1
RET_0833,77,1207.4,277,0
RET_0834,44,1597.8,156,0
RET_0835,154,1310.88,248,1
RET_0836,72,390.81,218,0
RET_0837,25,753.51,190,0
RET_0838,46,1816.49,417,0
RET_0839,120,1551.39,469,1
RET_0840,55,1135.44,163,0
RET_0841,93,548.51,180,1
RET_0842,106,639.02,34,1
RET_0843,62,1477.32,41,0
RET_0844,47,1709.79,307,0
RET_0845,60,1359.28,431,0
RET_0846,80,1628.58,338,0
RET_0847,25,1544.98,314,0
RET_0848,35,341.92,75,0
RET_0849,0,876.69,441,0
RET_0850,7,348.32,279,0
RET_0851,112,508.71,176,1
RET_0852,98,1745.06,384,1
RET_0853,179,972.14,150,1
RET_0854,46,1093.95,273,0
RET_0855,126,397.97,325,1
RET_0856,55,658.93,108,0
RET_0857,13,498.98,139,0
RET_0858,27,452.06,350,0
RET_0859,77,1294.02,271,0
RET_0860,129,550.92,347,1
RET_0861,108,1282.43,419,1
RET_0862,153,163.99,289,1
RET_0863,13,326.46,212,0
RET_0864,55,585.35,381,0
RET_0865,114,1214.24,272,1
RET_0866,6,1367.89,418,0
RET_0867,2,913.3,66,0
RET_0868,110,919.29,483,1
RET_0869,150,1462.81,424,1
RET_0870,106,80.85,248,1
RET_0871,17,715.13,156,0
RET_0872,37,1646.48,47,0
RET_0873,114,1226.28,423,1
RET_0874,14,707.59,454,0
RET_0875,118,1815.77,201,1
RET_0876,27,1556.61,148,0
RET_0877,38,566.55,124,0
RET_0878,16,1308.32,1,0
RET_0879,85,1211.71,456,0
RET_0880,125,832.32,247,1
RET_0881,43,765.56,343,0
RET_0882,24,719.94,128,0
RET_0883,144,1253.45,191,1
RET_0884,12,912.7,67,0
RET_0885,24,1672.13,4,0
RET_0886,67,1355.73,442,0
RET_0887,137,186.37,409,1
RET_0888,66,1298.33,303,0
RET_0889,108,578.74,294,1
RET_0890,145,1205.98,143,1
RET_0891,110,1376.26,191,1
RET_0892,110,500.12,21,1
RET_0893,33,940.87,227,0
RET_0894,110,421.13,313,1
RET_0895,7,152.06,117,0
RET_0896,167,788.03,437,1
RET_0897,112,757.74,302,1
RET_0898,82,1991.19,142,0
RET_0899,41,920.39,484,0
RET_0900,168,700.46,460,1
RET_0901,100,1181.93,401,1
RET_0902,5,223.1,39,0
RET_0903,179,1925.25,393,1
RET_0904,25,1288.17,355,0
RET_0905,63,1521.93,252,0
RET_0906,58,382.43,333,0
RET_0907,108,848.48,207,1
RET_0908,120,874.24,210,1
RET_0909,32,1652.52,115,0
RET_0910,149,52.41,225,1
RET_0911,20,636.66,134,0
RET_0912,69,1963.41,251,0
RET_0913,111,976.03,219,1
RET_0914,3,795.93,407,0
RET_0915,93,283.67,443,1
RET_0916,74,1949.62,91,0
RET_0917,61,89.05,354,0
RET_0918,93,1487.5,376,1
RET_0919,94,1548.77,46,1
RET_0920,151,525.13,38,1
RET_0921,54,1359.54,142,0
RET_0922,136,231.21,100,1
RET_0923,130,551.24,328,1
RET_0924,30,1586.41,190,0
RET_0925,39,1736.14,35,0
RET_0926,35,1236.55,147,0
RET_0927,151,1038.33,30,1
RET_0928,5,360.64,334,0
RET_0929,65,173.06,84,0
RET_0930,74,279.42,369,0
RET_0931,3,493.35,281,0
RET_0932,78,716.27,424,0
RET_0933,133,792.77,344,1
RET_0934,117,725.33,270,1
RET_0935,112,516.16,154,1
RET_0936,93,1043.96,102,1
RET_0937,178,1659.31,215,1
RET_0938,61,595.42,150,0
RET_0939,78,1887.65,432,0
RET_0940,135,1753.01,83,1
RET_0941,25,365.44,110,0
RET_0942,178,1583.24,435,1
RET_0943,172,1170.45,387,1
RET_0944,43,1154.82,426,0
RET_0945,132,812.53,275,1
RET_0946,69,1027.25,201,0
RET_0947,153,824.5,284,1
RET_0948,117,1102.48,468,1
RET_0949,67,1274.5,173,0
RET_0950,18,1364.89,327,0
RET_0951,19,1088.34,206,0
RET_0952,112,1456.77,63,1
RET_0953,139,325.49,73,1
RET_0954,46,463.37,251,0
RET_0955,0,1646.53,124,0
RET_0956,89,678.93,375,0
RET_0957,141,94.64,121,1
RET_0958,63,349.89,275,0
RET_0959,37,486.05,431,0
RET_0960,36,1916.78,398,0
RET_0961,125,1167.43,120,1
RET_0962,138,1868.82,422,1
RET_0963,99,1171.57,437,1
RET_0964,76,984.74,317,0
RET_0965,2,661.77,164,0
RET_0966,160,1232.42,424,1
RET_0967,133,321.44,465,1
RET_0968,177,1801.61,286,1
RET_0969,9,1667.2,265,0
RET_0970,4,669.19,320,0
RET_0971,150,1907.96,161,1
RET_0972,137,1659.14,376,1
RET_0973,171,1349.3,308,1
RET_0974,129,287.44,89,1
RET_0975,12,982.56,142,0
RET_0976,167,1036.91,203,1
RET_0977,129,503.48,309,1
RET_0978,83,205.93,227,0
RET_0979,64,1564.61,489,0
RET_0980,62,287.97,443,0
RET_0981,100,1208.87,334,1
RET_0982,72,1876.08,222,0
RET_0983,16,1758.41,41,0
RET_0984,8,591.62,196,0
RET_0985,142,1710.32,68,1
RET_0986,151,50.65,476,1
RET_0987,37,84.49,264,0
RET_0988,162,1224.98,2,1
RET_0989,93,761.36,361,1
RET_0990,94,803.6,125,1
RET_0991,48,1150.66,110,0
RET_0992,68,423.98,86,0
RET_0993,61,462.92,425,0
RET_0994,177,994.97,120,1
RET_0995,77,1520.79,127,0
RET_0996,116,1258.02,255,1
RET_0997,119,629.84,183,1
RET_0998,136,889.16,16,1
RET_0999,161,382.8,477,1
RET_1000,75,195.53,62,0
